<?xml version="1.0" encoding="UTF-8"?>

<people>
    
    <person>
        <name>RANDOM</name>
        <years>???</years>
        <birthplace>???</birthplace>
        <description>???</description>
        <image>dice.png</image>
        <url>???</url>
    </person>

    
    <person>
        <name>Cezarina Adamescu</name>
        <years>1951</years>
        <birthplace>Galati</birthplace>
        <description>Cezarina Adamescu (b. 4 November 1951, Galati) is a Romanian poet, prose writer, essayist, playwright and literary critic. She is a member of the Romanian Writers' Union</description>
        <image>Unknown.jpeg</image>
        <url>https://ro.wikipedia.org/wiki/Cezarina_Adamescu</url>
    </person>
    
    
    <person>
            <name>Dan Alexe</name>
            <years>1961</years>
            <birthplace>Buzau</birthplace>
            <description>Dan Alexe Romania) is a Romanian writer, filmmaker, journalist, linguist and translator, now based in Belgium. </description>
            <image>Dan_Alexe.jpeg</image>
            <url>https://ro.wikipedia.org/wiki/Dan_Alexe</url>
        </person>
    <person>
            <name>Sorin Anca</name>
            <years>1972</years>
            <birthplace>Alba</birthplace>
            <description>Sorin Anca (n. 7 august 1972, Poiana Galdei, județul Alba) este un poet, compozitor, grafician și artist plastic român cu domiciliul în Germania</description>
            <image>Sorin-Anca.jpeg</image>
            <url>https://ro.wikipedia.org/wiki/Sorin_Anca</url>
        </person>
        
        <person>
            <name>Liviu Antonesei</name>
            <years>1953</years>
            <birthplace>Iasi</birthplace>
            <description>Liviu Antonesei (n. 25 aprilie 1953, Vlădeni, Iași, România) este un scriitor, cercetător, publicist, politician democrat, actualmente retras din politică, profesor universitar din Iași</description>
            <image>220px-Liviu_Antonesei.jpeg</image>
            <url>https://ro.wikipedia.org/wiki/Liviu_Antonesei</url>
        </person>
        
        <person>
            <name>Constantin Arcu</name>
            <years>1956</years>
            <birthplace>Botosani</birthplace>
            <description>Constantin Arcu (n. 24 februarie 1956, Flămânzi, jud. Botoșani) este un scriitor român. Membru al Uniunii Scriitorilor din România, Filiala de Proză București.</description>
            <image>220px-Constantin_Arcu_2017.jpeg</image>
            <url>https://ro.wikipedia.org/wiki/Constantin_Arcu</url>
        </person>
        
        <person>
            <name>Victoria Furcoiu</name>
            <years>1955</years>
            <birthplace>Bacau</birthplace>
            <description>Victoria Furcoiu - Bunica[1] (n. 2 octombrie 1955, Dofteana, Bacău) este o scriitoare română, autoare de literatură pentru copii.[2] Locuiește în Covasna.</description>
            <image>Victoria_Furcoiu.jpeg</image>
            <url>https://ro.wikipedia.org/wiki/Victoria_Furcoiu</url>
        </person>
        
        <person>
            <name>Igor Bergler</name>
            <years>1970</years>
            <birthplace>Caras-Severin</birthplace>
            <description>Igor Bergler (n. 21 septembrie 1970, Reșița, Caraș-Severin, România) este scriitor, regizor, realizator de televiziune, critic de film, specialist în marketing. </description>
            <image>Lansare_Biblia_Pierduta_Igor_Bergler.jpeg</image>
            <url>https://ro.wikipedia.org/wiki/Igor_Bergler</url>
        </person>
        
        <person>
            <name>Lucian Boia</name>
            <years> 1944</years>
            <birthplace>Bucuresti</birthplace>
            <description>Lucian Boia (n. 2 februarie 1944, București, România)[3] este un istoric român care a publicat extensiv în domeniul istoriei ideilor și a imaginarului. Cartea sa Istorie și mit în conștiința românească s-a impus ca reper în istoriografia română, oferind o gamă de interpretări noi și stârnind numeroase dezbateri. Boia publică atât în română, cât și în franceză. </description>
            <image>220px-RK1907_MG_9265-Edit_Lucian_Boia.jpeg</image>
            <url>https://ro.wikipedia.org/wiki/Lucian_Boia</url>
        </person>
        
        <person>
            <name>Leo Butnaru</name>
            <years>1949</years>
            <birthplace>Orhei</birthplace>
            <description>Leo Butnaru (n. 5 ianuarie 1949, comuna Negureni, județul Orhei, Republica Moldova) este un poet, prozator, istoric literar/ exeget al avangardismului, eseist și traducător român. Butnare este licențiat în jurnalism și filologie al Universității de Stat din Chișinău (1967–1972). </description>
            <image>Unknown2.jpeg</image>
            <url>https://ro.wikipedia.org/wiki/Leo_Butnaru</url>
        </person>
        
        <person>
            <name>George Grigore</name>
            <years>1958</years>
            <birthplace>Ialomita</birthplace>
            <description>George Grigore (n. 2 februarie 1958, satul Grindu, județul Ialomița) este un scriitor, traducător, cercetător, filolog, pedagog și orientalist (arabist) român.</description>
            <image>220px-George_Grigore.jpeg</image>
            <url>https://ro.wikipedia.org/wiki/George_Grigore</url>
        </person>
    
</people>
